Model Name,BLEU Score,ROUGE Score,METEOR Score,Diversity Score,Coherence Score,Topsis Score,Rank
GPT-3,85.3,88.1,78.2,0.85,4.5,0.6417287929127874,1
GPT-2,72.4,75.6,65.4,0.78,3.9,0.3265316031537673,3
T5,81.2,83.5,74.5,0.82,4.3,0.5725875088976518,4
BART,78.9,80.2,72.8,0.8,4.1,0.5020028331803605,5
XLNet,74.5,77.0,68.3,0.77,3.8,0.4073230044469282,2
